epoch,train_loss,valid_loss,valid_mse,valid_mae,time
0,0.3792390006024935,0.3482312252119803,0.30034562945365906,0.3482312560081482,00:07
1,0.331789806231504,0.33865894676559083,0.2890917658805847,0.33865901827812195,00:08
2,0.3179025260775294,0.33426426593271336,0.2860853374004364,0.33426421880722046,00:07
3,0.30786655730830087,0.33532671037335887,0.2867344617843628,0.3353266716003418,00:04
4,0.29623785513236545,0.33724827338621444,0.2877362072467804,0.3372482359409332,00:07
5,0.28215766032003575,0.3408092861050328,0.2925432324409485,0.3408092260360718,00:07
6,0.2661540989243019,0.34831892351613786,0.2997772991657257,0.3483189344406128,00:04
7,0.24931175077463447,0.3509735281044858,0.3048780560493469,0.3509734869003296,00:07
8,0.2331528018007047,0.35443534600656457,0.31195351481437683,0.3544353246688843,00:07
9,0.21772824190479503,0.36385958014223196,0.3283824324607849,0.36385953426361084,00:07
10,0.20395883655578834,0.3659721177516411,0.3324805796146393,0.36597204208374023,00:04
11,0.1919912604108676,0.3694553901121444,0.33725786209106445,0.369455486536026,00:08
12,0.18164664821797444,0.3733168934628009,0.3472898304462433,0.37331685423851013,00:07
13,0.17307176047587827,0.374011684559628,0.3495310842990875,0.37401172518730164,00:07
14,0.16589335796719798,0.3759316021608315,0.35030296444892883,0.3759315311908722,00:07
15,0.16004897663094436,0.3751503948987965,0.350015252828598,0.3751503825187683,00:07
16,0.15481067981500338,0.37439632624452956,0.34872519969940186,0.37439635396003723,00:08
17,0.1506896541659952,0.3754348160557987,0.3511430621147156,0.3754348158836365,00:04
18,0.14654045816973835,0.37536036652078775,0.3519856333732605,0.3753603398799896,00:07
19,0.14290797129548918,0.3775062824808534,0.3555382490158081,0.37750619649887085,00:07
20,0.13976761423569398,0.3769174815371991,0.35401445627212524,0.3769175410270691,00:07
21,0.1368269676265053,0.376406292737965,0.35276687145233154,0.3764062523841858,00:05
22,0.13488679039911072,0.37735067355032825,0.35579803586006165,0.3773505985736847,00:07
23,0.13247072172401037,0.376878974630744,0.3539447784423828,0.37687888741493225,00:07
24,0.13072227167969322,0.3762818397839168,0.35253018140792847,0.37628185749053955,00:06
25,0.12874740014448857,0.37804700321389495,0.35648471117019653,0.3780469298362732,00:07
26,0.12737201763437986,0.37620833048413566,0.353117972612381,0.37620824575424194,00:07
27,0.12603019918452782,0.37697201518052514,0.3556514382362366,0.3769720494747162,00:07
28,0.12458478424690146,0.3777736939277899,0.35565632581710815,0.37777379155158997,00:04
29,0.12331504411570805,0.3774043951723195,0.35498982667922974,0.3774043619632721,00:07
30,0.12203325754856574,0.3779823406728665,0.35473135113716125,0.37798237800598145,00:08
31,0.12101663564160978,0.37926426593271334,0.3567369878292084,0.37926408648490906,00:07
32,0.1197944231353834,0.379050832535558,0.35660672187805176,0.37905073165893555,00:04
33,0.11895738182703859,0.3776343681619256,0.35635387897491455,0.3776344954967499,00:09
34,0.11805549435368382,0.3778531865426696,0.35425466299057007,0.37785324454307556,00:09
35,0.11696265942499413,0.3784695107357768,0.3561667799949646,0.3784695267677307,00:07
36,0.11619805410858434,0.37932845835612694,0.35784509778022766,0.37932831048965454,00:08
37,0.11553018510650766,0.3782203483998906,0.3550357520580292,0.37822040915489197,00:07
38,0.11474965617583287,0.37916413088074397,0.3569735884666443,0.3791641891002655,00:03
39,0.11372764055586891,0.3788967194338074,0.35674944519996643,0.37889671325683594,00:06
40,0.11313309457545269,0.3813160301559081,0.3613373935222626,0.3813159763813019,00:07
41,0.1124094070818622,0.38067376401805253,0.3604012429714203,0.38067376613616943,00:07
42,0.11176754092697926,0.3797614366794311,0.35797762870788574,0.3797614574432373,00:04
43,0.11107301095888028,0.3794320551832604,0.3562430441379547,0.37943199276924133,00:07
44,0.11041223819460723,0.3801886881154267,0.3580479025840759,0.38018861413002014,00:07
45,0.10970861617182236,0.3802543336296499,0.35803738236427307,0.3802544176578522,00:06
46,0.10914952276656216,0.3809434405771335,0.35952335596084595,0.38094332814216614,00:04
47,0.10850705572057488,0.3821550618845733,0.3616523742675781,0.38215500116348267,00:08
48,0.10801724362895192,0.38120828774617066,0.36006903648376465,0.3812083899974823,00:07
49,0.10742425710402077,0.38304614845459517,0.3627792000770569,0.38304606080055237,00:07
50,0.10685404005986478,0.381941329321663,0.35996660590171814,0.38194140791893005,00:03
51,0.10632429017019983,0.3825101288977024,0.3616679906845093,0.38251015543937683,00:07
52,0.10584419248476369,0.3830733298003282,0.3622729182243347,0.3830733299255371,00:08
53,0.10524046860807525,0.38328928473741797,0.3619973063468933,0.3832893371582031,00:04
54,0.104769462977325,0.38408998051148796,0.3641204237937927,0.38408994674682617,00:07
55,0.10441516613666163,0.3842152454868709,0.36459529399871826,0.38421523571014404,00:07
56,0.10382589226033945,0.3850996221963895,0.3662058413028717,0.38509973883628845,00:07
57,0.10334487177785022,0.38509359614332606,0.3659442365169525,0.3850935101509094,00:05
58,0.10296498699099373,0.38585416096827135,0.3668144941329956,0.3858543038368225,00:07
59,0.10255539386180008,0.3857378709655361,0.3661070764064789,0.38573792576789856,00:08
60,0.1020523192450885,0.3862803866931072,0.3676525950431824,0.38628047704696655,00:04
61,0.10165227599237452,0.3865757915071116,0.367676317691803,0.3865758180618286,00:07
62,0.10130061878049093,0.38692671293763675,0.36814460158348083,0.38692665100097656,00:07
63,0.10081299564931949,0.38742559320295406,0.3690120577812195,0.3874255120754242,00:08
64,0.10051662757250066,0.3874991879786652,0.36903759837150574,0.3874990940093994,00:06
65,0.1001105253344846,0.388304713142779,0.3699191212654114,0.388304740190506,00:08
66,0.09978438453413886,0.38854579800328226,0.37061405181884766,0.38854584097862244,00:07
67,0.09942277685170603,0.38917126812089714,0.371127188205719,0.3891712725162506,00:05
68,0.09909456869982274,0.3893405104622538,0.3718188405036926,0.38934049010276794,00:07
69,0.09878454465731124,0.3893738460749453,0.37143513560295105,0.38937389850616455,00:08
70,0.09845274546573296,0.3899515351477024,0.3720491826534271,0.3899514079093933,00:07
71,0.09820574345452182,0.3900753897702407,0.372423380613327,0.3900754153728485,00:06
72,0.09790635661525023,0.3905796977571116,0.3733389973640442,0.3905796706676483,00:07
73,0.09765401096528978,0.39103532720185996,0.37429288029670715,0.39103513956069946,00:07
74,0.09738936135462144,0.3915421567286652,0.3746353089809418,0.39154213666915894,00:05
75,0.0971640414974252,0.39174746991247267,0.37513723969459534,0.3917473554611206,00:07
76,0.0969242144121385,0.3923927277078775,0.3760374188423157,0.39239266514778137,00:07
77,0.09672608487741363,0.3924366195979212,0.3761720359325409,0.3924366235733032,00:07
78,0.09651163113435421,0.3926624042669584,0.3760257065296173,0.3926624059677124,00:04
79,0.09632662105540743,0.39293849152078775,0.37668126821517944,0.392938494682312,00:07
80,0.09614555253596647,0.3932704800328228,0.37723392248153687,0.3932705223560333,00:08
81,0.095980142952566,0.39345874076859955,0.3775065243244171,0.393458753824234,00:04
82,0.09582897591903147,0.39379931961159736,0.3779062330722809,0.3937993049621582,00:08
83,0.09568391079159219,0.39378192525984684,0.3777773678302765,0.39378201961517334,00:08
84,0.09555055588722201,0.3942397343408096,0.3787614107131958,0.3942395746707916,00:08
85,0.0954327311565128,0.39427439483041576,0.37856465578079224,0.39427444338798523,00:08
86,0.09532048612891529,0.39444944953501093,0.3788614869117737,0.3944494426250458,00:08
87,0.09522033761152539,0.3946245897155361,0.3791423738002777,0.3946245610713959,00:07
88,0.09513104090134124,0.39478489982221004,0.37939897179603577,0.3947848975658417,00:05
89,0.09504750988437252,0.3948721707467177,0.3794988989830017,0.39487215876579285,00:08
90,0.09497531711026547,0.3950373957193654,0.379756897687912,0.39503738284111023,00:08
91,0.09491106468289431,0.39502842074671773,0.37971553206443787,0.39502832293510437,00:05
92,0.09485302861706686,0.39511727297592997,0.37985098361968994,0.39511728286743164,00:07
93,0.09480316180887222,0.39516031010667396,0.3799230456352234,0.39516016840934753,00:06
94,0.09476085621374052,0.3952059115153173,0.380001962184906,0.39520585536956787,00:07
95,0.09472571839106772,0.3952401873632385,0.3800438940525055,0.3952401578426361,00:05
96,0.09469736205371532,0.3952249726477024,0.38002485036849976,0.39522501826286316,00:09
97,0.09467588019673519,0.39524074295678335,0.38004234433174133,0.39524075388908386,00:07
98,0.094661065369627,0.3952589065919037,0.38007208704948425,0.39525893330574036,00:04
99,0.09465279596347681,0.39525535934080963,0.3800640106201172,0.39525535702705383,00:08
